gene_id	symbol	PROcap
FBgn0067779	dbr	70.6548843383789
FBgn0001142	Gs1	608.566955566406
FBgn0003278	RpI135	17.4741458892822
FBgn0004583	ex	4664.736328125
FBgn0031256	shv	56.0442314147949
FBgn0267991	lncRNA:CR46258	1094.29406738281
FBgn0031265	CG2794	154.745452880859
FBgn0010583	dock	2158.24536132812
FBgn0020545	kraken	2694.90502929688
FBgn0053526	PNUTS	977.757751464844
FBgn0015905	ast	22.7360191345215
FBgn0264494	CG17646	25555.65625
FBgn0264979	CG4267	23518.900390625
FBgn0031419	CG15390	18.8574504852295
FBgn0011818	oaf	702.294738769531
FBgn0051690	CG31690	698.951599121094
FBgn0031461	daw	151.290832519531
FBgn0031492	CG3542	21.8323917388916
FBgn0031494	CG17219	8.02119922637939
FBgn0283427	FASN1	3564.6953125
FBgn0014906	Hydr2	32.2301216125488
FBgn0264549	lncRNA:CR43928	9.66856288909912
FBgn0261560	Thor	7466.71044921875
FBgn0031544	CG17593	2.974942445755
FBgn0015663	Ugt36A1	51.7417106628418
FBgn0031568	CG10019	1227.27014160156
FBgn0004893	bowl	13186.4775390625
FBgn0003430	slp1	210.094390869141
FBgn0003941	RpL40	18.8574504852295
FBgn0010473	tutl	20.6647052764893
FBgn0028482	bdl	4.4624137878418
FBgn0020762	Atet	1842.73937988281
FBgn0026319	Traf4	509.434509277344
FBgn0031628	CG3294	2.07131457328796
FBgn0031657	CG3756	2.2312068939209
FBgn0083962	CG34126	287.394439697266
FBgn0000299	Col4a1	67.7841110229492
FBgn0261608	RpL37A	18.6975574493408
FBgn0261836	Msp300	684.546752929688
FBgn0016076	vri	41.9616966247559
FBgn0000318	cl	114.52799987793
FBgn0031736	CG11030	641.918884277344
FBgn0031741	CG11034	589.934936523438
FBgn0031752	CG9044	2.65515804290771
FBgn0266449	Kr-h2	512.467712402344
FBgn0266450	Kr-h1	664.453857421875
FBgn0266521	stai	44.2486267089844
FBgn0085409	smal	8.33370018005371
FBgn0031791	AANATL2	20.1293029785156
FBgn0000392	cup	12.4836130142212
FBgn0031883	Caper	179.921005249023
FBgn0264439	lncRNA:CR43857	908.21484375
FBgn0264953	Piezo	10666.5859375
FBgn0032001	CG8360	52.9093971252441
FBgn0032036	CG13384	647.2412109375
FBgn0032040	CG13386	94.8226470947266
FBgn0085427	CG34398	8.92482757568359
FBgn0052982	CG32982	4106.1181640625
FBgn0041092	tai	3925.20629882812
FBgn0010314	Cks30A	2.07131457328796
FBgn0002973	numb	867.590576171875
FBgn0032120	CG33298	477.855987548828
FBgn0032135	GlcAT-S	3010.3486328125
FBgn0032136	Apoltp	454.320495605469
FBgn0032139	CG13116	12.4836130142212
FBgn0270924	zf30C	3.71867799758911
FBgn0032170	CG4658	3.76711964607239
FBgn0005593	RpL7	48.8709335327148
FBgn0032222	CG5037	2.974942445755
FBgn0003087	pim	2.07131457328796
FBgn0267821	da	192.036392211914
FBgn0025366	Ip259	290.657501220703
FBgn0032244	RfC3	5.20614957809448
FBgn0051721	Trim9	72.3506927490234
FBgn0032287	CG6415	2.974942445755
FBgn0032295	CG12299	36.2274284362793
FBgn0027363	Stam	13.227349281311
FBgn0264442	ab	70.7590484619141
FBgn0032374	CG14931	3.55878591537476
FBgn0032390	dgt2	43.9772834777832
FBgn0010497	dmGlut	324.552093505859
FBgn0032404	RpL7-like	17.6897621154785
FBgn0032451	spict	246.411407470703
FBgn0264894	CG44085	438.034484863281
FBgn0259984	kuz	180.344955444336
FBgn0028541	TM9SF4	18.1137142181396
FBgn0024846	p38b	38.1800079345703
FBgn0028539	Eato	2.49526596069336
FBgn0026373	RpII33	25.8708553314209
FBgn0027929	NimB1	28.4145622253418
FBgn0028940	Cyp28a5	4.88636493682861
FBgn0027348	bgm	36.8112716674805
FBgn0260011	NimC4	153.187683105469
FBgn0028916	CG33090	344.717803955078
FBgn0041713	yellow-c	1261.97875976562
FBgn0001981	esg	4.4624137878418
FBgn0020416	Idgf1	8.60504341125488
FBgn0020414	Idgf3	665.60693359375
FBgn0259735	mtgo	1217.22863769531
FBgn0284248	Cyt-c-p	291.890747070312
FBgn0032598	ChLD3	270.336975097656
FBgn0032603	CG17928	11.1560344696045
FBgn0004797	mdy	433.866668701172
FBgn0265542	lncRNA:CR44392	206.639770507812
FBgn0032694	MESR3	297.024047851562
FBgn0040993	CG17325	97.8533172607422
FBgn0032728	Tango6	2.974942445755
FBgn0263873	sick	2817.08154296875
FBgn0045064	bwa	35.5878601074219
FBgn0032848	nesd	2.2312068939209
FBgn0032870	CG2608	2.974942445755
FBgn0086657	IKKepsilon	53.8130226135254
FBgn0000251	cad	683.861267089844
FBgn0032886	CG9328	2356.99975585938
FBgn0010395	Itgbn	475.530426025391
FBgn0032916	CG9257	200.113327026367
FBgn0032919	CG9253	49.7188377380371
FBgn0032925	CG9246	25.5995121002197
FBgn0010100	mAcon1	63.0987930297852
FBgn0032943	Tsp39D	103.752220153809
FBgn0032949	Lamp1	63.2659683227539
FBgn0003866	tsh	559.197021484375
FBgn0053987	lncRNA:CR33987	5.20614957809448
FBgn0032986	CG3262	22.3459434509277
FBgn0040011	Slmap	12.6435050964355
FBgn0002931	net	345.592315673828
FBgn0026787	Nhe1	68.6877365112305
FBgn0025683	CG3164	6398.28173828125
FBgn0031245	CG3625	13808.638671875
FBgn0017457	U2af38	53.7572975158691
FBgn0031258	CG4297	1155.83288574219
FBgn0043364	cbt	3531.669921875
FBgn0031287	CG4291	6.95767974853516
FBgn0003310	S	1684.0498046875
FBgn0261938	mtRNApol	113.839988708496
FBgn0031313	CG5080	524.335815429688
FBgn0031320	CG5126	2.2312068939209
FBgn0002543	robo2	12244.763671875
FBgn0031344	CG7420	114.799346923828
FBgn0051935	CG31935	9.50867080688477
FBgn0000579	Eno	99.917350769043
FBgn0027597	CG17712	10.6763582229614
FBgn0001125	Got2	597.335876464844
FBgn0266836	lncRNA:CR45298	2.974942445755
FBgn0031389	CG4259	16.2434501647949
FBgn0031391	CG11723	14.7075366973877
FBgn0031395	CG10874	9.93262195587158
FBgn0026479	Drp1	59.4431228637695
FBgn0031457	CG3077	322.313598632812
FBgn0031470	CG18557	19.6011848449707
FBgn0031479	Prx6005	4.4624137878418
FBgn0024947	NTPase	3611.2021484375
FBgn0031483	CG9641	48.1199150085449
FBgn0250786	Chd1	50.3026809692383
FBgn0031489	CG17224	572.279052734375
FBgn0031516	CG9663	719.516845703125
FBgn0031519	Fign	3.71867799758911
FBgn0020445	E23	881.561645507812
FBgn0031530	Pgant2	115.000396728516
FBgn0031547	Sr-CIV	2.974942445755
FBgn0002985	odd	2.2312068939209
FBgn0031633	Fnta	33.1483192443848
FBgn0031652	jet	5.78999280929565
FBgn0031664	CG8892	42.9694900512695
FBgn0016075	vkg	12.6435050964355
FBgn0031673	CG31650	4.5665807723999
FBgn0031681	Pgant5	5354.49658203125
FBgn0000228	Bsg25D	5.94988489151001
FBgn0031739	CG14005	12.0039367675781
FBgn0031777	CG9154	76.2849807739258
FBgn0031779	CG9175	6.74206209182739
FBgn0031799	Pez	441.556060791016
FBgn0031824	CG9547	168.980590820312
FBgn0263200	Galt	9.61283779144287
FBgn0028703	Nhe3	25.3354530334473
FBgn0015776	nrv1	7818.95263671875
FBgn0015777	nrv2	676.145263671875
FBgn0016978	snRNP-U1-70K	23.9521484375
FBgn0000053	Gart	179.266876220703
FBgn0051908	CG31908	20.768871307373
FBgn0031888	Pvf2	3243.77221679688
FBgn0085407	Pvf3	192.549942016602
FBgn0010453	Wnt4	314.425720214844
FBgn0264895	RapGAP1	799.605407714844
FBgn0041182	Tep2	5652.16259765625
FBgn0031937	CG13795	41.217960357666
FBgn0025687	NA	555.097778320312
FBgn0031952	cdc14	191.43798828125
FBgn0020618	Rack1	135.728103637695
FBgn0031974	CG12560	1686.56225585938
FBgn0031985	mon2	2.81505036354065
FBgn0032006	Pvr	733.052001953125
FBgn0032015	Ostgamma	9.34877872467041
FBgn0032031	CG13390	2.974942445755
FBgn0032042	CG13398	23.1599712371826
FBgn0026718	Agpat2	83.7343673706055
FBgn0004914	Hnf4	408.192108154297
FBgn0032078	C1GalTA	111.289001464844
FBgn0032079	CG31886	267.466186523438
FBgn0011705	rost	740.690063476562
FBgn0032101	CG9586	27.0312576293945
FBgn0032117	FucTB	321.766174316406
FBgn0014179	gcm	4097.2080078125
FBgn0000273	Pka-C1	230.591918945312
FBgn0051710	CG31710	199.420227050781
FBgn0032138	CG4364	37.2909469604492
FBgn0004867	RpS2	165.581695556641
FBgn0025700	CG5885	202.184631347656
FBgn0032172	CG5850	19.0173416137695
FBgn0051755	SoYb	11.89976978302
FBgn0032208	Ufd4	2.43954062461853
FBgn0032216	Usp14	79.8437728881836
FBgn0032218	CG5381	72.0866317749023
FBgn0011703	RnrL	22.8813438415527
FBgn0053303	CG33303	56.364013671875
FBgn0004106	Cdk1	2.2312068939209
FBgn0262782	Mdh1	533.536743164062
FBgn0032249	TBC1D16	2.974942445755
FBgn0086347	Myo31DF	1052.94787597656
FBgn0032297	CG17124	725.619384765625
FBgn0032298	CG6724	3.07910943031311
FBgn0032305	CG6700	28.8869552612305
FBgn0000018	abo	107.979705810547
FBgn0000146	aub	515.004150390625
FBgn0015756	RpL9	204.401275634766
FBgn0032330	Samuel	971.296875
FBgn0032350	CG6287	426.041778564453
FBgn0028490	CG31705	3849.93139648438
FBgn0032378	CycY	6.53372859954834
FBgn0027505	Rab3-GAP	18.8501663208008
FBgn0032408	CG6712	3.55878591537476
FBgn0032420	CG6583	2.2312068939209
FBgn0259176	bun	13615.9599609375
FBgn0051849	CG31849	5.31031608581543
FBgn0032487	Ski6	2.81505036354065
FBgn0032512	Bdp1	14.8747119903564
FBgn0032516	Ing5	23.6396484375
FBgn0023407	B4	3169.65551757812
FBgn0260407	mRpS23	2.2312068939209
FBgn0016930	Dyrk2	349.310974121094
FBgn0003016	osp	563.923522949219
FBgn0283659	THG	5.94988489151001
FBgn0010422	TfIIS	137.111419677734
FBgn0001987	Gli	1547.73315429688
FBgn0001994	crp	1387.09350585938
FBgn0000307	chif	525.15966796875
FBgn0028523	CG5888	106.034408569336
FBgn0005677	dac	4.4624137878418
FBgn0263745	CR43670	5.20614957809448
FBgn0027779	VhaSFD	319.617279052734
FBgn0032614	CG13284	19.9694118499756
FBgn0040985	CG6115	278.253997802734
FBgn0032629	beat-IIIc	2.91921710968018
FBgn0032633	Lrch	2453.2568359375
FBgn0011274	Dif	20443.53515625
FBgn0260632	dl	4303.556640625
FBgn0041184	Socs36E	3208.22314453125
FBgn0085370	Pde11	990.292358398438
FBgn0032699	CG10383	28.5041618347168
FBgn0260228	CG42502	15.1872129440308
FBgn0032720	mRpL13	2.2312068939209
FBgn0015772	Nak	90.2415008544922
FBgn0032731	Swip-1	3097.79443359375
FBgn0086710	RpL30	341.592468261719
FBgn0024245	dnt	45.8887062072754
FBgn0032796	CG10188	42.0731468200684
FBgn0032815	CG10462	42.9767723083496
FBgn0032818	CG10628	2.07131457328796
FBgn0032820	fbp	154.425659179688
FBgn0264443	CG43861	46.2157745361328
FBgn0051678	CG31678	8.18109226226807
FBgn0250785	vari	523.783630371094
FBgn0266369	Mtp	93.6742706298828
FBgn0250867	CG42238	267.500061035156
FBgn0000239	bur	43.8246765136719
FBgn0022893	Df31	7527.1181640625
FBgn0064225	RpL5	92.9669494628906
FBgn0262115	CG17683	20.8245983123779
FBgn0033032	kune	15.9866743087769
FBgn0042085	Bap170	13.3872413635254
FBgn0284249	Adf1	630.561767578125
FBgn0265003	koi	1964.21520996094
FBgn0033113	Spn42Dc	604.322692871094
FBgn0029508	Tsp42Ea	160.52815246582
FBgn0029506	Tsp42Ee	660.638305664062
FBgn0033127	Tsp42Ef	3986.87573242188
FBgn0033134	Tsp42El	1968.32653808594
FBgn0033153	Gadd45	2789.78369140625
FBgn0033174	CG11125	112.081176757812
FBgn0033178	CG11127	1.59163808822632
FBgn0033187	PIG-G	7.43735599517822
FBgn0263077	CG43340	2279.63208007812
FBgn0033204	CG2065	206.319976806641
FBgn0050493	Coq9	7.06184673309326
FBgn0050377	CG30377	39.098201751709
FBgn0015509	Cul1	73.3100433349609
FBgn0033234	MFS12	30.4931602478027
FBgn0028563	sut1	10210.681640625
FBgn0033257	sand	325.804656982422
FBgn0014469	Cyp4e2	9632.703125
FBgn0033304	Cyp6a13	13.3872413635254
FBgn0033313	Cirl	280.918640136719
FBgn0003892	ptc	2710.22802734375
FBgn0021825	DCTN2-p50	10.2524061203003
FBgn0050349	CG30349	31.2853374481201
FBgn0002552	lin	16.5705165863037
FBgn0011746	ana	89.691535949707
FBgn0083124	Uhg4	119.385231018066
FBgn0033382	Hydr1	56.5723495483398
FBgn0028955	CG8788	30.6093502044678
FBgn0015037	Cyp4p1	8.60504341125488
FBgn0033397	Cyp4p3	12.8518390655518
FBgn0041087	wun2	815.875427246094
FBgn0033413	prel	64.5378265380859
FBgn0259234	Camta	39.098201751709
FBgn0010316	dap	2429.63134765625
FBgn0033458	CG18446	3192.83447265625
FBgn0033459	CG12744	3020.40478515625
FBgn0285892	tea	3.50306057929993
FBgn0000606	eve	200.043029785156
FBgn0033473	CG12128	88.4488143920898
FBgn0033481	CG12920	23.1599712371826
FBgn0033483	egr	299.507293701172
FBgn0050011	gem	378.825500488281
FBgn0033507	CG12909	33.6691513061523
FBgn0033518	Prx2540-2	798.917358398438
FBgn0053474	CG33474	400.546417236328
FBgn0001122	Galphao	28436.109375
FBgn0024836	stan	65.9768524169922
FBgn0033547	CG12935	17.1059188842773
FBgn0033551	CG7222	22.312068939209
FBgn0033557	CG12325	11.89976978302
FBgn0033564	Pex6	4.4624137878418
FBgn0033616	CG7745	116.807647705078
FBgn0024188	san	35.2680740356445
FBgn0033627	CG13204	119.1357421875
FBgn0040503	CG7763	12.4836130142212
FBgn0050035	Tret1-1	257.804931640625
FBgn0033649	pyr	412.702972412109
FBgn0033673	CG8298	39.1466445922852
FBgn0024732	Drep1	215.508865356445
FBgn0027495	Smyd4-4	2.2312068939209
FBgn0050046	CG30046	280.533660888672
FBgn0033712	mIF3	5.04625701904297
FBgn0033716	Den1	65.3930130004883
FBgn0033720	CG13160	43.2408332824707
FBgn0010238	Lac	773.976745605469
FBgn0033741	CG8545	165.254638671875
FBgn0011592	fra	814.424377441406
FBgn0011604	Iswi	13.4914083480835
FBgn0261545	CG42663	417.366455078125
FBgn0003326	sca	5.78999280929565
FBgn0010488	NAT1	40.1059989929199
FBgn0027079	ValRS	8.44515132904053
FBgn0265497	lncRNA:CR44366	4.88636493682861
FBgn0000633	CG17716	111.98429107666
FBgn0033875	CG6357	1352.84777832031
FBgn0050484	CG30484	11.0445833206177
FBgn0013770	Cp1	225.824279785156
FBgn0033901	O-fut1	1.11196160316467
FBgn0033928	Arc2	1076.73034667969
FBgn0265974	ttv	24.3833827972412
FBgn0033951	CG10139	7.27746391296387
FBgn0033973	HPS1	6.6936206817627
FBgn0033980	Cyp6a20	3739.83203125
FBgn0033984	Lap1	43.7689514160156
FBgn0015371	chn	4246.95556640625
FBgn0003328	scb	221.042083740234
FBgn0022097	Vha36-1	165.247344970703
FBgn0260429	CG42524	675.03076171875
FBgn0050090	CG30090	10.2524061203003
FBgn0053460	CG33460	11.89976978302
FBgn0050089	CG30089	2462.11352539062
FBgn0034046	tun	8966.2822265625
FBgn0034067	CG8399	953.376892089844
FBgn0086676	spin	4501.8486328125
FBgn0034083	lbk	1920.087890625
FBgn0015754	Lis-1	39.098201751709
FBgn0028424	JhI-26	25.0713939666748
FBgn0034110	Atg9	4.88636493682861
FBgn0034114	CG4282	6.6936206817627
FBgn0034126	jtb	5.78999280929565
FBgn0013763	Idgf6	700.59130859375
FBgn0034158	CG5522	554.13623046875
FBgn0025830	IntS8	13.8111925125122
FBgn0034191	CG6984	2.81505036354065
FBgn0050456	CG30456	6097.2216796875
FBgn0034194	CG15611	456.929748535156
FBgn0265487	mbl	260.174163818359
FBgn0010620	CG10939	10.8362503051758
FBgn0050104	NT5E-2	11.3643684387207
FBgn0045800	Uhg1	167.917068481445
FBgn0034275	CG5002	28.3661212921143
FBgn0028744	CG5033	18.905891418457
FBgn0015522	olf186-M	433.450012207031
FBgn0063498	GstE2	48.8006401062012
FBgn0034354	GstE11	522.894592285156
FBgn0003067	Pepck1	4188.1708984375
FBgn0034387	Cyp12b2	1139.07592773438
FBgn0034399	CG15083	49.454776763916
FBgn0034408	sano	16.9460277557373
FBgn0263395	hppy	440.373809814453
FBgn0010434	cora	2532.57934570312
FBgn0013954	Fkbp12	167.943664550781
FBgn0034436	CG11961	1319.44494628906
FBgn0034442	CG11257	2.974942445755
FBgn0012051	CalpA	229.758575439453
FBgn0040273	Spt5	10.9961423873901
FBgn0013325	RpL11	75.805305480957
FBgn0034447	CG7744	41.3778533935547
FBgn0034476	Toll-7	6991.50927734375
FBgn0004364	18w	472.131530761719
FBgn0034491	Hsl	14.235143661499
FBgn0010411	RpS18	120.046653747559
FBgn0034504	CG8929	123.07731628418
FBgn0261394	Prosalpha3	204.735626220703
FBgn0003748	Treh	17182.75390625
FBgn0003162	Pu	6278.8701171875
FBgn0003891	tud	284.795013427734
FBgn0265191	Gyg	21594.80078125
FBgn0020306	dom	432.325653076172
FBgn0026369	Sara	13.3872413635254
FBgn0034644	CG10082	3522.64428710938
FBgn0265184	CG44249	2.2312068939209
FBgn0067102	GlcT	945.50830078125
FBgn0034694	Plekhm1	13.8111925125122
FBgn0029147	NtR	305.486328125
FBgn0000008	a	3788.240234375
FBgn0034706	CG11275	15.4028301239014
FBgn0034707	MED16	15.2986640930176
FBgn0013272	Gp150	54.1182403564453
FBgn0034722	Rtf1	80.2677230834961
FBgn0022985	qkr58E-2	60.4436340332031
FBgn0034733	CG4752	5.20614957809448
FBgn0034736	gas	40.8497352600098
FBgn0034743	RpS16	163.99479675293
FBgn0026261	bonsai	2.07131457328796
FBgn0034763	RYBP	33.3009262084961
FBgn0034795	MED23	2.2312068939209
FBgn0034870	CG13559	2.2312068939209
FBgn0261786	mi	20.5048122406006
FBgn0010501	Dcp-1	166.381164550781
FBgn0015277	Pi3K59F	1.75153028964996
FBgn0034893	mRpL43	2.49526596069336
FBgn0034897	Sesn	606.364868164062
FBgn0023477	Taldo	72588.59375
FBgn0034939	thoc5	5.47020864486694
FBgn0034959	Xxylt	22.8959121704102
FBgn0034961	CG3163	24.2234916687012
FBgn0285952	eEF5	39.3622627258301
FBgn0034968	RpL12	25.1755599975586
FBgn0015544	spag	5.94988489151001
FBgn0034997	CG3376	842.3447265625
FBgn0005636	nvy	12.0039367675781
FBgn0034999	Fatp3	6062.5546875
FBgn0003888	betaTub60D	1447.94653320312
FBgn0259185	Ir60b	2.81505036354065
FBgn0035020	CG13585	2.974942445755
FBgn0015040	Cyp9c1	3415.5439453125
FBgn0000157	Dll	342.103820800781
FBgn0022343	CG3760	36.8039894104004
FBgn0035085	CG3770	236.120040893555
FBgn0004055	uzip	299.919219970703
FBgn0001148	gsb	246.808776855469
FBgn0250830	CG12547	11.1560344696045
FBgn0033021	CG10417	3.71867799758911
FBgn0033029	Not3	298.354187011719
FBgn0267978	ap	149.148880004883
FBgn0025693	ZnT41F	1090.89294433594
FBgn0000043	Act42A	404.027648925781
FBgn0284246	l(2)k09848	97.6570053100586
FBgn0000546	EcR	501.805938720703
FBgn0033081	geminin	29.9989166259766
FBgn0033095	chk	1484.66821289062
FBgn0033101	CG9436	1408.9765625
FBgn0000473	Cyp6a2	1292.12548828125
FBgn0029507	Tsp42Ed	461.254119873047
FBgn0283450	Glo1	59.3728332519531
FBgn0025885	Inos	7384.55322265625
FBgn0033177	CG11141	2.81505036354065
FBgn0010548	Aldh-III	74.1022186279297
FBgn0033188	Drat	2811.04614257812
FBgn0004133	blow	4773.09619140625
FBgn0033199	CG17985	3.82284498214722
FBgn0033212	LRR	619.391174316406
FBgn0001091	Gapdh1	324.1474609375
FBgn0029093	cathD	197.87483215332
FBgn0085390	Dgk	12387.1298828125
FBgn0033233	Kdm4A	53.575553894043
FBgn0027788	Hey	5.31031608581543
FBgn0260398	Pbp49	12.3237209320068
FBgn0033317	CG8635	41.7945213317871
FBgn0033337	CG8272	1819.27416992188
FBgn0033359	flz	839.808288574219
FBgn0027561	CG18659	256.533050537109
FBgn0086656	shrb	199.514907836914
FBgn0033388	CG8046	1245.64318847656
FBgn0033391	CG8026	227.457077026367
FBgn0010114	hig	221.700958251953
FBgn0028473	Non1	256.407043457031
FBgn0016078	wun	18867.87890625
FBgn0033421	CG1888	292.593322753906
FBgn0033446	CG1648	92.8966598510742
FBgn0022382	Pka-R2	4775.60595703125
FBgn0050009	lncRNA:CR30009	3866.03198242188
FBgn0053144	CG33144	64.0508651733398
FBgn0033556	CG12343	2.2312068939209
FBgn0040765	luna	279.581573486328
FBgn0033579	CG13229	5.20614957809448
FBgn0082585	sprt	803.21484375
FBgn0033638	CG9005	283.464904785156
FBgn0044020	Roc2	17.8496551513672
FBgn0033688	Prp8	32.2374076843262
FBgn0033690	EndoG	7.06184673309326
FBgn0033699	RpS11	73.0944213867188
FBgn0033751	CG8818	2.2312068939209
FBgn0033766	Nup188	20.3449211120605
FBgn0086904	Nacalpha	31.9176235198975
FBgn0004512	Mdr49	115.201446533203
FBgn0265185	CG44250	264.435516357422
FBgn0005624	Psc	16928.162109375
FBgn0033799	GLaz	831.195922851562
FBgn0052843	Dh31-R	33.9718246459961
FBgn0265104	lncRNA:CR44206	1386.27185058594
FBgn0027581	CG6191	1098.89965820312
FBgn0000662	fl(2)d	120.262268066406
FBgn0086356	tum	12.907564163208
FBgn0040752	Prosap	1616.35791015625
FBgn0001220	Hsc70-5	2075.52856445312
FBgn0033926	Arc1	2616.95581054688
FBgn0010397	LamC	72.4064178466797
FBgn0019938	RpI1	7.11757183074951
FBgn0028689	Rpn6	151.450729370117
FBgn0013772	Cyp6a8	278.392059326172
FBgn0033993	CG8089	4.4624137878418
FBgn0259878	Fs	1383.89538574219
FBgn0034021	CG8180	808.946899414062
FBgn0019968	Khc-73	330.267059326172
FBgn0034027	CG8187	2.2312068939209
FBgn0034045	CG8249	8.60504341125488
FBgn0264089	sli	3210.2216796875
FBgn0034051	Mlf	29.0395641326904
FBgn0034062	CG8388	193.211364746094
FBgn0010590	Prosbeta1	17.0501937866211
FBgn0034098	krimp	10.0925140380859
FBgn0034109	CG7747	2.81505036354065
FBgn0262560	wcd	59.6030158996582
FBgn0010213	Sod2	56.0442314147949
FBgn0025832	Fen1	2.974942445755
FBgn0010226	GstS1	5275.78173828125
FBgn0028956	mthl3	159.186019897461
FBgn0034223	Tes	22.7360191345215
FBgn0034246	Dcr-2	1.91142249107361
FBgn0027872	rdgBbeta	220.833755493164
FBgn0001222	Hsf	1247.40197753906
FBgn0027836	Dgp-1	1851.94287109375
FBgn0285917	sbb	1246.95874023438
FBgn0284257	Ttd14	191.069763183594
FBgn0050115	GEFmeso	2871.19677734375
FBgn0023214	edl	26566.611328125
FBgn0259682	Jabba	416.157592773438
FBgn0034390	CG15093	175.250259399414
FBgn0010651	MFS14	16930.32421875
FBgn0034401	MetRS	16.3621845245361
FBgn0034405	Jheh2	1478.46374511719
FBgn0264753	Rgk1	1695.40942382812
FBgn0284243	betaTub56D	770.023132324219
FBgn0034451	TBCB	610.335571289062
FBgn0003435	sm	939.73291015625
FBgn0025720	Ate1	34.7956809997559
FBgn0005655	PCNA	200.515426635742
FBgn0034494	CG10444	1877.38977050781
FBgn0034496	CG9143	5.04625701904297
FBgn0034501	CG13868	1626.15466308594
FBgn0050147	Hil	2745.58349609375
FBgn0250850	rig	6.95767974853516
FBgn0061362	CG33785	8.97326946258545
FBgn0016984	sktl	1082.33605957031
FBgn0003391	shg	118.726356506348
FBgn0034583	CG10527	541.403137207031
FBgn0000395	cv-2	10705.0712890625
FBgn0010415	Sdc	238.341766357422
FBgn0010470	Fkbp14	12842.43359375
FBgn0034647	pirk	2243.38745117188
FBgn0027360	Tim10	57.3160858154297
FBgn0263999	CG43742	3.71867799758911
FBgn0085399	CG34370	5675.97216796875
FBgn0034705	CG11170	2.2312068939209
FBgn0034709	Swim	1273.94885253906
FBgn0034724	babos	13.0674571990967
FBgn0034729	CG10344	119.046142578125
FBgn0260866	dnr1	1834.802734375
FBgn0034753	CG2852	1211.97583007812
FBgn0020257	Ppa	6185.34130859375
FBgn0034786	CG13531	4.4624137878418
FBgn0034808	CG9896	635.203430175781
FBgn0040660	CG13551	39.3622627258301
FBgn0010278	Ssrp	14.7148199081421
FBgn0034909	CG4797	428.071929931641
FBgn0021895	ytr	306.682800292969
FBgn0034925	CG5339	31.6608467102051
FBgn0034938	CG3803	6.6936206817627
FBgn0034940	CG16787	32.8285331726074
FBgn0028552	gammaSnap1	10.3008480072021
FBgn0041582	tamo	115.647247314453
FBgn0015801	Reg-5	2137.13745117188
FBgn0060296	pain	1327.93627929688
FBgn0035083	Tina-1	766.136962890625
FBgn0265434	zip	256.421600341797
FBgn0004919	gol	460.953643798828
FBgn0035101	p130CAS	384.760803222656
FBgn0024945	NitFhit	6.42227792739868
FBgn0029002	miple2	625.612426757812
FBgn0035145	MED14	488.8837890625
FBgn0035155	RabX6	14.8747119903564
FBgn0000575	emc	17163.52734375
FBgn0035165	CG13887	33.7806053161621
FBgn0025682	scf	3470.83666992188
FBgn0004635	rho	39146.328125
FBgn0041342	Pcyt1	867.479125976562
FBgn0035237	CG13917	1756.15832519531
FBgn0035254	CG7974	49.8302879333496
FBgn0035260	CG7991	11578.4365234375
FBgn0035266	Gk2	42.0731468200684
FBgn0035298	SCOT	159.66569519043
FBgn0035355	CG16985	86.7457275390625
FBgn0259199	Snup	33.7733192443848
FBgn0283724	Girdin	23.1599712371826
FBgn0001233	Hsp83	971.456787109375
FBgn0035423	eIF1	5.20614957809448
FBgn0035438	PHGPx	1308.27209472656
FBgn0004167	kst	1852.25756835938
FBgn0041164	armi	21.4568824768066
FBgn0035462	IntS10	2.2312068939209
FBgn0035464	PIG-B	185.766723632812
FBgn0042179	Ugt305A1	9.66856288909912
FBgn0263110	CG43367	6.37383604049683
FBgn0035515	CG14997	8465.6591796875
FBgn0035539	slow	212.914184570312
FBgn0035540	Syx17	7.43735599517822
FBgn0035558	CG11357	1888.76611328125
FBgn0035623	mthl2	27.0385417938232
FBgn0035631	Txl	23.79953956604
FBgn0052407	CG32407	18.3777732849121
FBgn0020251	sfl	1371.48229980469
FBgn0042185	MCU	89.7763900756836
FBgn0260660	Mp	1782.28845214844
FBgn0010387	Acbp2	5.31031608581543
FBgn0023001	melt	12.7476720809937
FBgn0024542	Neos	6.20666027069092
FBgn0259935	CG42458	157.608947753906
FBgn0028582	lqf	27.6223850250244
FBgn0035802	Pura	267.618804931641
FBgn0011817	nmo	1334.29309082031
FBgn0027549	Nulp1	17.3820018768311
FBgn0035850	Atg18a	38.1872901916504
FBgn0015793	Rab19	15.2986640930176
FBgn0035890	CG13667	2.2312068939209
FBgn0017579	RpL14	58.796272277832
FBgn0266084	Fhos	5176.68505859375
FBgn0263930	dally	257.322692871094
FBgn0035936	Tsp66E	1409.39831542969
FBgn0035944	CG5021	21.9850006103516
FBgn0035951	CG5068	24.5432758331299
FBgn0035953	CG5087	12.6435050964355
FBgn0035957	CG5144	5.94988489151001
FBgn0043806	CG32032	3415.267578125
FBgn0035976	PGRP-LC	2389.56396484375
FBgn0035977	PGRP-LF	1575.15637207031
FBgn0001223	Hsp22	211.005294799805
FBgn0001224	Hsp23	2673.90869140625
FBgn0001226	Hsp27	4021.86010742188
FBgn0035987	Cpsf5	103.204788208008
FBgn0023129	aay	1432.85620117188
FBgn0266124	ghi	109.11351776123
FBgn0261555	CG42673	29.7494239807129
FBgn0267348	LanB2	3733.13842773438
FBgn0036032	CG16711	2.2312068939209
FBgn0036038	defl	2.2312068939209
FBgn0036043	CG8177	6414.87451171875
FBgn0025866	CalpB	509.589660644531
FBgn0026404	Dronc	111.080665588379
FBgn0267668	lncRNA:CR46006	2376.04858398438
FBgn0052062	Rbfox1	49.3917694091797
FBgn0001179	hay	15.2986640930176
FBgn0026160	tna	4040.90869140625
FBgn0036116	CG7888	2.974942445755
FBgn0036133	CG7638	2.07131457328796
FBgn0052082	IRSp53	152.298629760742
FBgn0036142	CG7616	3.71867799758911
FBgn0064766	CG7600	8.02119922637939
FBgn0041094	scyl	1661.9970703125
FBgn0036165	chrb	13.9710845947266
FBgn0036213	RpL10Ab	66.1779022216797
FBgn0041775	tral	202.705474853516
FBgn0036305	CG10984	7.43735599517822
FBgn0260441	NA	48.4954223632812
FBgn0036340	SRm160	9.93262195587158
FBgn0023095	caps	1196.02124023438
FBgn0036376	Liprin-beta	191.132766723633
FBgn0043550	Tsp68C	3.71867799758911
FBgn0052137	CG32137	67.9440002441406
FBgn0036389	ssp2	207.654846191406
FBgn0003388	shd	63.3628540039062
FBgn0041604	dlp	513.371337890625
FBgn0259175	ome	599.373352050781
FBgn0036454	CG17839	180.449127197266
FBgn0026320	Tom	171.587310791016
FBgn0002778	mnd	14070.6142578125
FBgn0036514	CG12301	1.91142249107361
FBgn0036518	RhoGAP71E	219.074935913086
FBgn0015025	CkIIalpha-i1	3.60722756385803
FBgn0011016	SsRbeta	319.249053955078
FBgn0036574	elg1	7.27746391296387
FBgn0052163	CG32163	18.8501663208008
FBgn0002283	l(3)73Ah	3.55878591537476
FBgn0000414	Dab	89.3524398803711
FBgn0004108	Nrt	11034.732421875
FBgn0036668	Zcchc7	25.8708553314209
FBgn0052170	CG32170	205.908050537109
FBgn0036714	CG7692	2.2312068939209
FBgn0052176	CG32176	60.6035270690918
FBgn0036734	CG7564	48.7110404968262
FBgn0036745	CG7484	10.2524061203003
FBgn0036765	CG7408	945.418701171875
FBgn0036774	mRpS26	30.9171123504639
FBgn0020300	geko	9334.4970703125
FBgn0259791	bora	28.1020622253418
FBgn0036801	MYPT-75D	642.357360839844
FBgn0036834	CG6836	5.94260120391846
FBgn0036886	CG9300	272.456726074219
FBgn0036893	PIG-F	7.64568996429443
FBgn0013799	Deaf1	123.50855255127
FBgn0036921	RhoGDI	2.81505036354065
FBgn0036926	CG7646	10.412299156189
FBgn0005198	gig	17.7939300537109
FBgn0260397	Su(var)3-3	11.89976978302
FBgn0036980	RhoBTB	362.441467285156
FBgn0267635	lncRNA:CR45973	97.5819778442383
FBgn0036985	zye	11.2602014541626
FBgn0036993	CG5910	10.0367889404297
FBgn0036997	CG5955	10.412299156189
FBgn0037016	CG13252	4208.61572265625
FBgn0037050	ICA69	3.71867799758911
FBgn0270926	AsnS	491.919189453125
FBgn0037057	CG10512	10472.4794921875
FBgn0004865	Eip78C	2894.37182617188
FBgn0259785	pzg	154.251205444336
FBgn0261258	rgn	10482.416015625
FBgn0053288	CG33288	2.974942445755
FBgn0037087	CG7519	5.04625701904297
FBgn0037093	Cdk12	21.1928234100342
FBgn0015283	Rpn10	64.1695938110352
FBgn0262737	mub	940.442749023438
FBgn0037153	olf413	2079.06567382812
FBgn0027086	IleRS	103.85164642334
FBgn0037185	CG11367	3487.19458007812
FBgn0037188	CG7369	37.6107330322266
FBgn0044510	mRpS5	16.3621845245361
FBgn0260987	vtd	25.5510692596436
FBgn0028697	RpL15	87.4191665649414
FBgn0035121	Tudor-SN	34.4201736450195
FBgn0035144	Kah	32638.18359375
FBgn0035146	CG13893	138663.859375
FBgn0035162	Sf3b3	81.4838485717773
FBgn0024277	trio	4943.80419921875
FBgn0025525	bab2	36116.78515625
FBgn0035189	CG9119	64.4263763427734
FBgn0010333	Rac1	59.4431228637695
FBgn0035211	CG2211	8.1253662109375
FBgn0011204	cue	184.439147949219
FBgn0035227	Iml1	4.4624137878418
FBgn0035228	CG12091	759.492126464844
FBgn0035232	CG12099	145.772186279297
FBgn0025725	alphaCOP	23.9037075042725
FBgn0035251	Vta1	71.6481094360352
FBgn0026372	RpL23A	56.6546630859375
FBgn0027594	drpr	179.858001708984
FBgn0022702	Cht2	92.2232131958008
FBgn0024510	dlt	304.284759521484
FBgn0025820	JTBR	5.78999280929565
FBgn0035281	Cpr62Bc	107.306266784668
FBgn0004636	Rap1	335.257598876953
FBgn0002183	dre4	268.008880615234
FBgn0027547	CG1927	3263.45825195312
FBgn0052311	zormin	3133.4306640625
FBgn0035309	CG15879	2492.89038085938
FBgn0026570	CG5704	3127.19750976562
FBgn0035318	CG9018	26.3989734649658
FBgn0015360	oxt	49.8641624450684
FBgn0035333	CG1317	10.6763582229614
FBgn0035337	CG15877	132.537551879883
FBgn0035348	CG16758	239.509460449219
FBgn0035390	scramb2	211.58186340332
FBgn0266918	CG32486	1820.73986816406
FBgn0047135	CG32276	102.419898986816
FBgn0035422	RpL28	138.048919677734
FBgn0027616	Ythdc1	161.591674804688
FBgn0014388	sty	430.232849121094
FBgn0035461	ntc	20.0808620452881
FBgn0035473	mge	10.412299156189
FBgn0027552	CG10863	2411.16137695312
FBgn0024179	wit	12.9560060501099
FBgn0001257	ImpL2	4845.515625
FBgn0035528	CG15012	13.0674571990967
FBgn0035541	CG15019	11.1560344696045
FBgn0262733	Src64B	67.6023635864258
FBgn0262870	axo	80.5802230834961
FBgn0035578	CG13707	827.908508300781
FBgn0035601	Uev1A	23.9037075042725
FBgn0029118	ScsbetaG	63.0576362609863
FBgn0086694	Bre1	16.3621845245361
FBgn0003984	vn	304.592163085938
FBgn0052412	QC	198.402954101562
FBgn0002638	Rcc1	16.9460277557373
FBgn0004513	Mdr65	20.0808620452881
FBgn0035699	CG13300	268.63134765625
FBgn0035702	CG10147	5.94988489151001
FBgn0035710	SP1173	112.769187927246
FBgn0259173	corn	6787.90771484375
FBgn0035753	RpL18	238.869888305664
FBgn0035767	Cln7	1584.12048339844
FBgn0035770	pst	4152.9541015625
FBgn0014011	Rac2	60.4217834472656
FBgn0035791	CG8539	317.761596679688
FBgn0052369	CG32369	1810.97619628906
FBgn0026263	bip1	579.258605957031
FBgn0001248	Idh	1399.32763671875
FBgn0052354	CG32354	6.53372859954834
FBgn0086706	pix	103.427696228027
FBgn0263199	Galk	500.301330566406
FBgn0035968	Slc45-1	3174.5048828125
FBgn0001225	Hsp26	792.504577636719
FBgn0035989	Tat	10173.3779296875
FBgn0005533	RpS17	44.0887336730957
FBgn0036000	CG3434	17.7939300537109
FBgn0036005	pall	11.3643684387207
FBgn0052037	CG32037	23.6250801086426
FBgn0036007	path	16640.76953125
FBgn0010408	RpS9	19.7610778808594
FBgn0036053	iPLA2-VIA	4.4624137878418
FBgn0036062	CG6685	1.59163808822632
FBgn0052056	scramb1	121.173179626465
FBgn0011802	Gem3	10.8362503051758
FBgn0000629	E(z)	2.2312068939209
FBgn0036101	NijA	302.0244140625
FBgn0027615	OXA1L	27.0385417938232
FBgn0013469	klu	411.278503417969
FBgn0052075	CG32075	2.2312068939209
FBgn0010741	Pfdn2	97.5819778442383
FBgn0036198	crim	8.76493549346924
FBgn0041096	rols	1228.06005859375
FBgn0284221	Sema5c	1905.06787109375
FBgn0036258	eIF3l	4.14262914657593
FBgn0260941	app	486.083312988281
FBgn0036272	Sms	64.5451049804688
FBgn0036279	Ncc69	139.194747924805
FBgn0261933	SmD1	49.0865516662598
FBgn0052115	CG32115	5.20614957809448
FBgn0036333	MICAL-like	4.5665807723999
FBgn0036356	CG10222	4.4624137878418
FBgn0036366	JMJD7	224.872222900391
FBgn0036372	Abp1	35.6993103027344
FBgn0036381	CG8745	144.548767089844
FBgn0036386	CG8833	5.78999280929565
FBgn0036428	Gbs-70E	13980.9453125
FBgn0027375	RecQ5	23.0558032989502
FBgn0036463	Reck	1303.13366699219
FBgn0036476	sstn	31.2368965148926
FBgn0264704	lncRNA:CR43973	14.8189868927002
FBgn0036505	CG7945	13.227349281311
FBgn0036509	CG7739	2.974942445755
FBgn0010105	comm	1431.98901367188
FBgn0036534	DCP2	16.7861347198486
FBgn0263599	l(3)72Ab	59.011890411377
FBgn0036556	CG5830	102.739685058594
FBgn0260635	Diap1	623.359375
FBgn0036570	IntS9	8.92482757568359
FBgn0036580	PDCD-5	34.1561126708984
FBgn0036621	roq	342.680389404297
FBgn0027080	TyrRS	12.8518390655518
FBgn0004569	aos	729.987060546875
FBgn0027500	spd-2	2.2312068939209
FBgn0063485	Lasp	4646.20361328125
FBgn0004556	Dbp73D	4.4624137878418
FBgn0036690	Ilp8	6640.2216796875
FBgn0261872	scaf6	9.55711269378662
FBgn0042641	frc	174.923202514648
FBgn0036735	Edc3	28.4072780609131
FBgn0004401	Pep	121.165893554688
FBgn0052179	Krn	351.723937988281
FBgn0036746	Crtc	113.728538513184
FBgn0043025	Adgf-A2	2601.62329101562
FBgn0036764	CG5535	357.179565429688
FBgn0036770	Prestin	119.414367675781
FBgn0000568	Eip75B	1134.33959960938
FBgn0264748	CG44006	6.53372859954834
FBgn0036775	RpIIIC53	8.1253662109375
FBgn0003997	hid	204.568450927734
FBgn0011706	rpr	3444.90576171875
FBgn0036786	skl	281.185241699219
FBgn0040322	GNBP2	62.5972671508789
FBgn0036816	Indy	6004.330078125
FBgn0036824	CG3902	420.421142578125
FBgn0036838	CG3808	7.70141506195068
FBgn0036844	Mkp3	3939.68603515625
FBgn0036862	Gbs-76A	947.606262207031
FBgn0036877	CG9452	2.2312068939209
FBgn0262517	Ltn1	62.7305679321289
FBgn0036887	CG9231	6.05405187606812
FBgn0036896	wnd	480.881896972656
FBgn0022774	Oat	1961.68859863281
FBgn0261341	verm	20.768871307373
FBgn0261556	CG42674	1114.53735351562
FBgn0036973	Rbbp5	48.6068725585938
FBgn0001247	Ide	6.90195417404175
FBgn0028978	trbl	169.876937866211
FBgn0036990	mRpL15	3.71867799758911
FBgn0037000	ZnT77C	355.607238769531
FBgn0037012	Rcd2	1830.31884765625
FBgn0027055	CSN3	33.7321624755859
FBgn0011591	fng	3103.017578125
FBgn0003415	skd	980.076354980469
FBgn0020294	ko	704.642150878906
FBgn0053056	CG33056	210.101669311523
FBgn0003042	Pc	17.4741458892822
FBgn0037120	CG11247	2.974942445755
FBgn0037130	Syn1	3035.54809570312
FBgn0037138	P5CDh1	252.8701171875
FBgn0004449	Ten-m	1379.21765136719
FBgn0044324	Chro	186.285018920898
FBgn0052350	Vps11	9.66856288909912
FBgn0037239	Sfxn1-3	686.55029296875
FBgn0037240	Cont	17.2100868225098
FBgn0037262	MED31	15.9866743087769
FBgn0265082	Cdep	1754.10632324219
FBgn0264785	Hph	7260.26904296875
FBgn0010051	Itp-r83A	475.169494628906
FBgn0019637	Atu	36.1232604980469
FBgn0051549	CG31549	153.994430541992
FBgn0262125	Sec23	11.7398777008057
FBgn0028436	ECSIT	2.2312068939209
FBgn0037433	CG17919	15.56272315979
FBgn0264495	gpp	187.510971069336
FBgn0003884	alphaTub84B	6931.76611328125
FBgn0003885	alphaTub84D	8.1253662109375
FBgn0260005	wtrw	3.71867799758911
FBgn0002542	lds	17.8496551513672
FBgn0037548	CG7900	1627.78747558594
FBgn0037573	CG7483	25.5510692596436
FBgn0037592	CG11737	45.2079811096191
FBgn0037607	CG8036	7163.2734375
FBgn0037632	CCT7	285.906982421875
FBgn0037671	ATP6AP2	171.267532348633
FBgn0266410	CG45050	713.399780273438
FBgn0037689	CG8135	25.8708553314209
FBgn0037709	CG8199	2.2312068939209
FBgn0278604	dmt	3.55878591537476
FBgn0037737	Pnn	5.94988489151001
FBgn0037746	CG8478	3.98273706436157
FBgn0261599	RpS29	104.483932495117
FBgn0037809	CG12818	2.2312068939209
FBgn0037810	sle	24.9526596069336
FBgn0037822	CG14683	16.6262435913086
FBgn0037838	TTLL15	8.1253662109375
FBgn0259740	CG42394	118.302406311035
FBgn0040259	Ugt302C1	423.338165283203
FBgn0020910	RpL3	2858.90991210938
FBgn0004595	pros	2.65515804290771
FBgn0263316	Mrp4	41814.12890625
FBgn0042205	CG18764	2.2312068939209
FBgn0260746	Ect3	73.2251815795898
FBgn0037979	GCC185	27.6223850250244
FBgn0082831	pps	27.1984329223633
FBgn0038065	Snx3	8.28525829315186
FBgn0038072	CG6225	3.71867799758911
FBgn0038100	Paip2	160.792221069336
FBgn0040551	CG11686	836.673461914062
FBgn0052473	CG32473	611.963317871094
FBgn0004587	B52	114.951950073242
FBgn0085412	CG34383	4028.83984375
FBgn0038194	Cyp6d5	1.75153028964996
FBgn0038197	foxo	2532.55053710938
FBgn0038198	Npc2b	225.063446044922
FBgn0285913	red	611.697082519531
FBgn0263929	jvl	294.121948242188
FBgn0260659	CG42542	48.6068725585938
FBgn0266599	Hsc70-4	906.056457519531
FBgn0021750	SerRS-m	2.2312068939209
FBgn0041188	Atx2	184.536026000977
FBgn0038344	obe	5.94988489151001
FBgn0053207	pxb	1023.30993652344
FBgn0038353	CG5399	3050.51513671875
FBgn0003507	srp	236.396469116211
FBgn0063649	CG6006	15678.6416015625
FBgn0020407	asun	1.91142249107361
FBgn0038416	CG17930	2.2312068939209
FBgn0038418	pad	5.94988489151001
FBgn0285925	Fas1	1196.27319335938
FBgn0038463	CG3534	338.649200439453
FBgn0038471	CG5220	27.7822761535645
FBgn0020493	Dad	631.172241210938
FBgn0038474	mRpS11	40.1617240905762
FBgn0025571	SF1	63.3701362609863
FBgn0038585	Non3	2.974942445755
FBgn0011701	repo	501.742919921875
FBgn0026250	eIF1A	25.1271190643311
FBgn0044871	Gos28	5.04625701904297
FBgn0051229	CG31229	7.43735599517822
FBgn0260399	gwl	10.5164651870728
FBgn0022338	dnk	20.545970916748
FBgn0016120	ATPsynD	186.462020874023
FBgn0010768	sqz	729.103088378906
FBgn0038722	Nup58	9.34877872467041
FBgn0051216	Naam	689.525207519531
FBgn0024963	GluClalpha	5.20614957809448
FBgn0038733	CG11407	21.5683326721191
FBgn0038742	Arc42	4.30252170562744
FBgn0001169	H	103.379249572754
FBgn0019936	RpS20	221.194702148438
FBgn0051223	CG31223	2.75932502746582
FBgn0038834	RpS30	386.245727539062
FBgn0000083	AnxB9	1299.35461425781
FBgn0028468	rtet	94.55859375
FBgn0015790	Rab11	61.6743316650391
FBgn0001234	lncRNA:Hsromega	2130.41235351562
FBgn0261838	pre-mod(mdg4)-Z	7.43735599517822
FBgn0261839	pre-mod(mdg4)-Y	4.93480682373047
FBgn0051431	CG31431	270.344268798828
FBgn0038912	CG6656	21.9922847747803
FBgn0038917	CG6678	2.974942445755
FBgn0038923	mRpL35	5.04625701904297
FBgn0264491	how	380.257232666016
FBgn0267385	PyK	911.415222167969
FBgn0263863	mRpL45	123.716888427734
FBgn0266418	wake	22142.76953125
FBgn0039006	Cyp6d4	84.1462936401367
FBgn0265042	Irk1	657.355590820312
FBgn0024509	Sec13	195.990005493164
FBgn0002622	RpS3	1076.40795898438
FBgn0040227	eIF3d1	7.06184673309326
FBgn0039109	CG10365	1658.11120605469
FBgn0039132	AP-1sigma	512.322387695312
FBgn0043455	CG5986	7.27746391296387
FBgn0026576	Pisd	5646.77587890625
FBgn0026257	cav	2.2312068939209
FBgn0011785	BRWD3	270.169799804688
FBgn0039183	Dis3	12.2534284591675
FBgn0266758	Esyt2	1094.74243164062
FBgn0263490	mld	3185.49462890625
FBgn0000140	asp	96.9496917724609
FBgn0039225	Ets96B	2.07131457328796
FBgn0013953	Esp	45.0306282043457
FBgn0013949	Elal	7.70141506195068
FBgn0039249	CG11168	49.2948837280273
FBgn0266719	stac	66.6648635864258
FBgn0039271	CG11839	23.79953956604
FBgn0039306	RIOK2	35.4279670715332
FBgn0039315	CG13658	2.65515804290771
FBgn0039335	Vps33B	4.99053192138672
FBgn0261986	RASSF8	86.2176055908203
FBgn0002609	E(spl)m3-HLH	9459.2021484375
FBgn0051324	CG31324	2583.48291015625
FBgn0051323	CG31323	26.2948055267334
FBgn0039419	CG12290	49139.69140625
FBgn0039430	CG5455	3196.1513671875
FBgn0263289	scrib	714.158081054688
FBgn0262473	Tl	8397.947265625
FBgn0001197	His2Av	1256.27111816406
FBgn0039461	CG5500	8.18109226226807
FBgn0285963	CG46339	845.973754882812
FBgn0039467	CG14253	1393.79406738281
FBgn0029155	Men-b	1136.42077636719
FBgn0039505	CG5934	17.4741458892822
FBgn0046258	CG12880	1288.49865722656
FBgn0263025	HSPBAP1	7.11757183074951
FBgn0045862	btz	113.735824584961
FBgn0003279	RpL4	13.9153594970703
FBgn0085466	CG34437	43.7205085754395
FBgn0001215	Hrb98DE	347.733917236328
FBgn0027655	htt	3.71867799758911
FBgn0039600	CG1646	255.745620727539
FBgn0264324	spg	548.644165039062
FBgn0027873	Cpsf100	55.7244453430176
FBgn0039631	Sirt7	2.974942445755
FBgn0028671	Vha100-1	42.4970970153809
FBgn0028692	Rpn2	80.5317840576172
FBgn0039644	rdog	2248.40234375
FBgn0014427	CG11899	168.076965332031
FBgn0051044	lncRNA:CR31044	20955.30078125
FBgn0004369	Ptp99A	1699.04321289062
FBgn0039686	CG15506	0.472392857074738
FBgn0039713	RpS8	85.4665908813477
FBgn0266411	sima	1485.28845214844
FBgn0010113	hdc	248.761352539062
FBgn0015221	Fer2LCH	1317.17504882812
FBgn0004606	zfh1	2241.13110351562
FBgn0016123	Alp4	946.736511230469
FBgn0024288	Sox100B	21.3454322814941
FBgn0039827	CG1544	233.511138916016
FBgn0085376	CG34347	2812.53637695312
FBgn0039844	CG1607	190.701538085938
FBgn0011655	Med	39.6820487976074
FBgn0039860	CG1792	19.4412937164307
FBgn0039868	CG11563	12.6435050964355
FBgn0039875	sip3	13.8111925125122
FBgn0039883	RhoGAP100F	42.0174217224121
FBgn0037222	CG14642	3330.32397460938
FBgn0037236	Skp2	10.8362503051758
FBgn0037242	CG9855	11.8367605209351
FBgn0037249	eIF3a	94.5028686523438
FBgn0037261	CG9775	97.9574813842773
FBgn0037328	RpL35A	10.2524061203003
FBgn0025825	HDAC3	25.3354530334473
FBgn0015402	ksr	218.905212402344
FBgn0037344	CG2926	16.3621845245361
FBgn0037364	Rab23	179.010101318359
FBgn0037383	CG2023	12.7476720809937
FBgn0003261	Rm62	1052.16516113281
FBgn0026566	CG1307	40.0018310546875
FBgn0003339	Scr	21.6167755126953
FBgn0037473	CG10068	3.55878591537476
FBgn0250732	gfzf	12.4836130142212
FBgn0037504	CG1142	79.5797119140625
FBgn0015575	alpha-Est7	155.75798034668
FBgn0037513	pyd3	268.113037109375
FBgn0037537	CG2767	57.4202499389648
FBgn0001138	grn	2.81505036354065
FBgn0040529	COX7A	34.7956809997559
FBgn0266801	CG45263	28.3103942871094
FBgn0086679	p	114.903511047363
FBgn0001180	hb	59.019172668457
FBgn0260935	Vps15	98.0543670654297
FBgn0000723	FER	26582.447265625
FBgn0037686	RpL34b	18.6975574493408
FBgn0014380	RhoL	1057.93115234375
FBgn0000244	by	5928.52734375
FBgn0037710	CG9393	108.793731689453
FBgn0051352	Unc-115a	1795.23718261719
FBgn0003886	alphaTub85E	8.97326946258545
FBgn0037742	Rpt3R	19.5454597473145
FBgn0266720	Snap24	24.2234916687012
FBgn0040238	Best1	5221.98095703125
FBgn0025879	Timp	12881.982421875
FBgn0037807	CG6293	4599.8271484375
FBgn0024957	Irp-1B	372.470947265625
FBgn0051278	CG31278	9.66856288909912
FBgn0010421	TfIIFbeta	2.2312068939209
FBgn0037842	CG6567	2.974942445755
FBgn0011768	Fdh	1430.97387695312
FBgn0037853	CG14696	781.113647460938
FBgn0026315	Ugt35A1	114.535285949707
FBgn0086472	RpS25	128.290756225586
FBgn0037878	CG6693	2.2312068939209
FBgn0037884	Arfip	366.501770019531
FBgn0026063	KP78b	1907.17272949219
FBgn0037899	RpL24-like	62.0982818603516
FBgn0037901	Exd2	40.3700561523438
FBgn0037913	fabp	1421.7216796875
FBgn0051363	Jupiter	1744.07202148438
FBgn0037934	CG6830	74.7417907714844
FBgn0002906	Blm	15.6184482574463
FBgn0265276	l(3)neo38	144.485763549805
FBgn0259139	glo	197.882110595703
FBgn0260745	mfas	3123.48608398438
FBgn0037978	KLHL18	296.270843505859
FBgn0037989	ATP8B	52.1656608581543
FBgn0037999	CG4860	1676.67517089844
FBgn0001149	GstD1	2081.06909179688
FBgn0002719	Men	633.723205566406
FBgn0038088	CG10126	101.18920135498
FBgn0000024	Ace	196.874328613281
FBgn0004237	Hrb87F	237.77978515625
FBgn0040077	primo-1	2.07131457328796
FBgn0020510	Abi	85.2582550048828
FBgn0053329	Sp212	8.18109226226807
FBgn0003862	trx	109.898414611816
FBgn0285955	cv-c	762.430603027344
FBgn0038235	CG8461	5.94988489151001
FBgn0028662	VhaPPA1-1	125.926246643066
FBgn0038282	dpr9	2.2312068939209
FBgn0266064	GlyS	362.3857421875
FBgn0028984	Spn88Ea	9611.1962890625
FBgn0026634	ldlCp	2.54370760917664
FBgn0038341	NA	2185.73657226562
FBgn0267408	AOX1	1221.17492675781
FBgn0027657	glob1	7661.12109375
FBgn0026059	Mhcl	107.354705810547
FBgn0040237	bor	80.1078262329102
FBgn0283477	SF2	141.670715332031
FBgn0020907	Scp2	2782.14038085938
FBgn0038455	CG14907	56.1895561218262
FBgn0051217	modSP	11.5799856185913
FBgn0000015	Abd-B	1114.46960449219
FBgn0038488	m-cup	132.808898925781
FBgn0010926	l(3)07882	37.0268898010254
FBgn0038569	CG7218	52.0614929199219
FBgn0261532	cdm	92.5768737792969
FBgn0263738	Ada2a	7.38163089752197
FBgn0038608	WRNexo	2.2312068939209
FBgn0051224	CG31224	331.003509521484
FBgn0038660	CG14291	3044.95043945312
FBgn0260779	GatA	2.49526596069336
FBgn0038682	CG5835	5327.37060546875
FBgn0038720	CG6231	14553.630859375
FBgn0014135	bnl	3151.693359375
FBgn0261984	Ire1	845.721740722656
FBgn0038746	Surf6	97.3033447265625
FBgn0038755	Hs6st	1100.08911132812
FBgn0038771	CG4390	4.4624137878418
FBgn0067783	DPCoAC	173.707061767578
FBgn0014029	Sep2	107.652641296387
FBgn0015279	Pi3K92E	126.64338684082
FBgn0263400	CG43446	15.2356548309326
FBgn0046763	CG17278	367.056488037109
FBgn0266674	Sec15	2.2312068939209
FBgn0038861	CG7009	3.71867799758911
FBgn0038865	cDIP	13.3242321014404
FBgn0038869	Smyd5	10.8289661407471
FBgn0002781	mod(mdg4)	165.261917114258
FBgn0266172	pre-mod(mdg4)-E	10.9961423873901
FBgn0283499	InR	1632.51904296875
FBgn0011766	E2f1	1783.08068847656
FBgn0038893	Archease	13.8111925125122
FBgn0051176	CG31176	91.680534362793
FBgn0015229	glec	8905.7275390625
FBgn0083984	CG34148	3.71867799758911
FBgn0019960	Mitofilin	30.1103668212891
FBgn0038925	Cchl	20.1850280761719
FBgn0053099	CG33099	995.895874023438
FBgn0263143	vret	5.41448307037354
FBgn0039020	CG17141	2.2312068939209
FBgn0086253	rumi	8.76493549346924
FBgn0039045	CG17119	3883.52734375
FBgn0039084	CG10175	79.9963760375977
FBgn0051145	CG31145	394.596557617188
FBgn0028691	Rpn9	12.4836130142212
FBgn0039113	CG10217	8.76493549346924
FBgn0005674	GluProRS	206.896545410156
FBgn0001230	Hsp68	652.464477539062
FBgn0266282	jnj	47.8631401062012
FBgn0266744	lncRNA:CR45217	7.22173881530762
FBgn0028471	Nab2	2.81505036354065
FBgn0267762	asRNA:CR46093	456.798980712891
FBgn0039182	CG5728	44.2413444519043
FBgn0039207	CG5789	3893.91821289062
FBgn0046685	Wsck	46.4798355102539
FBgn0051125	CG31125	4.30252170562744
FBgn0027539	lili	23.9037075042725
FBgn0039240	CG3744	29.7494239807129
FBgn0029157	ssh	17.1059188842773
FBgn0039261	Ythdf	8.92482757568359
FBgn0039280	Mocs2B	28.9499645233154
FBgn0039300	RpS27	50.2953948974609
FBgn0051098	CG31098	277.217071533203
FBgn0039321	CG10550	227.471649169922
FBgn0039328	CHKov2	264.651153564453
FBgn0004509	Fur1	3374.70141601562
FBgn0039338	XNP	93.0565490722656
FBgn0053494	CG33494	26.7744827270508
FBgn0039357	CG4743	8.02119922637939
FBgn0051092	LpR2	991.460021972656
FBgn0002733	E(spl)mbeta-HLH	41672.1953125
FBgn0266668	Exo84	6.21394395828247
FBgn0039417	CG6073	13.1716232299805
FBgn0039431	plum	4807.08544921875
FBgn0039449	CG6425	2.07131457328796
FBgn0004903	Rb97D	422.621032714844
FBgn0039465	Tsp97E	2.974942445755
FBgn0051075	CG31075	3112.1142578125
FBgn0003495	spz	1546.16015625
FBgn0243514	eater	24.3833827972412
FBgn0039488	CG6066	18.1137142181396
FBgn0039492	CG6051	360.864379882812
FBgn0004197	Ser	1325.40466308594
FBgn0261995	CG42813	23.6396484375
FBgn0027492	wdb	141.455093383789
FBgn0039558	BCAS2	2.2312068939209
FBgn0039559	NSD	271.567657470703
FBgn0003890	betaTub97EF	77.9443740844727
FBgn0261618	larp	1609.1142578125
FBgn0003137	Ppn	19212.87890625
FBgn0015589	Apc	138.799942016602
FBgn0265274	Inx3	31.9249057769775
FBgn0039612	Nepl19	1603.29992675781
FBgn0039656	CG11951	5.04625701904297
FBgn0039665	CG2310	1911.64270019531
FBgn0025457	Bub3	9.34877872467041
FBgn0039696	Rnb	4.88636493682861
FBgn0039697	CG7834	31.8207397460938
FBgn0002924	ncd	30.3817100524902
FBgn0051040	Cog7	13.6513004302979
FBgn0039726	eIF2Balpha	2.974942445755
FBgn0002626	RpL32	436.361938476562
FBgn0086355	Tpi	636.678833007812
FBgn0039756	CG9743	2615.19213867188
FBgn0039757	RpS7	166.589492797852
FBgn0039759	CG9733	13.0117311477661
FBgn0028646	aralar1	854.4189453125
FBgn0027654	jdp	3814.99291992188
FBgn0039821	CG15556	69.5283584594727
FBgn0039830	ATPsynC	688.62158203125
FBgn0043900	pygo	19.1772346496582
FBgn0039904	Hcf	11.89976978302
FBgn0016126	CaMKI	2.2312068939209
FBgn0004607	zfh2	127.49129486084
FBgn0040324	Ephrin	4.30252170562744
FBgn0025936	Eph	2.2312068939209
FBgn0025740	PlexB	36.1232604980469
FBgn0017545	RpS3A	24.5359916687012
FBgn0051998	CG31998	30.9171123504639
FBgn0039908	Asator	6.53372859954834
FBgn0039914	mav	7.8613076210022
FBgn0026199	myo	436.926452636719
FBgn0039923	MED26	31.5493965148926
FBgn0025741	PlexA	14.1309766769409
FBgn0039928	Cals	10.9961423873901
FBgn0284435	tyn	35.246223449707
FBgn0040372	G9a	147.20393371582
FBgn0024989	CG3777	66.8247528076172
FBgn0003575	su(sable)	32.9327011108398
FBgn0021764	sdk	446.122650146484
FBgn0027343	fz3	1854.92504882812
FBgn0053082	CG33082	0.736451923847198
FBgn0001189	hfw	7.70141506195068
FBgn0023519	mRpL16	66.0252914428711
FBgn0261954	east	1758.79895019531
FBgn0023507	D2hgdh	244.153610229492
FBgn0004654	Pgd	17026.857421875
FBgn0003068	per	1137.10876464844
FBgn0004647	N	665.388793945312
FBgn0040396	CG3939	11.89976978302
FBgn0000479	dnc	3302.59545898438
FBgn0262656	Myc	8691.3349609375
FBgn0023215	Mnt	134.713027954102
FBgn0000542	ec	107994.921875
FBgn0026084	cib	1648.798828125
FBgn0262738	norpA	68.9517974853516
FBgn0003053	peb	4464.8095703125
FBgn0004368	Ptp4E	115.375907897949
FBgn0266098	rg	36.5883712768555
FBgn0284442	Mcm3	21.4568824768066
FBgn0029771	CG12730	629.846862792969
FBgn0029830	Grip	3012.63305664062
FBgn0029861	CG3815	33.3275184631348
FBgn0029867	CG3847	63.5227432250977
FBgn0261955	kdn	297.17919921875
FBgn0029881	pigs	2268.77612304688
FBgn0029895	CG14441	399.315734863281
FBgn0029922	CG14431	19.1772346496582
FBgn0027108	Inx2	1290.15112304688
FBgn0029937	CG8300	37.9305152893066
FBgn0029939	CG9650	216.315612792969
FBgn0024250	brk	988.77099609375
FBgn0261873	sdt	6851.72119140625
FBgn0020653	Trxr-1	1226.61376953125
FBgn0030030	CG1636	46.6397247314453
FBgn0053181	CG33181	316.712646484375
FBgn0030052	CG12065	58.1155433654785
FBgn0030056	CAH3	154.265777587891
FBgn0041629	Hexo2	1052.08544921875
FBgn0030065	CG12075	63.2586860656738
FBgn0030086	CCT2	69.7996978759766
FBgn0026206	mei-P26	20.0251369476318
FBgn0026149	BCL7-like	3.71867799758911
FBgn0001186	Hex-A	966.400695800781
FBgn0030170	CG2990	7.54152297973633
FBgn0000711	flw	380.082763671875
FBgn0003204	ras	20772.80859375
FBgn0030234	CG15211	2345.49658203125
FBgn0263705	Myo10A	5.94988489151001
FBgn0030263	CG2076	8.92482757568359
FBgn0030269	CDK2AP1	5.47020864486694
FBgn0001145	Gs2	474.638824462891
FBgn0030305	Uba5	3.55878591537476
FBgn0004370	Ptp10D	7925.80615234375
FBgn0030329	prtp	303.519165039062
FBgn0030343	ATP7	298.446319580078
FBgn0030352	sicily	96.56689453125
FBgn0030362	regucalcin	122.285140991211
FBgn0030364	Lsm12	31.0770034790039
FBgn0052654	Sec16	225.274322509766
FBgn0030411	CG2540	14.6590948104858
FBgn0030465	CG15743	12.4278879165649
FBgn0266376	lncRNA:CR45018	7131.53515625
FBgn0040309	Jafrac1	336.97998046875
FBgn0030478	CG1640	2.81505036354065
FBgn0030482	CG1673	5694.4345703125
FBgn0030484	GstT4	678.209289550781
FBgn0086674	Tpst	141.350921630859
FBgn0030519	CG11151	178.370529174805
FBgn0003218	rdgB	371.526184082031
FBgn0000173	ben	3.55878591537476
FBgn0265868	lncRNA:CR44657	2.65515804290771
FBgn0030571	CG14414	8.18109226226807
FBgn0052594	be	1863.4453125
FBgn0263994	CG43737	37.0268898010254
FBgn0030631	CG6227	47.5990791320801
FBgn0030647	CG6324	58.5952224731445
FBgn0030653	CG7860	328.125457763672
FBgn0030660	CG8097	13.0117311477661
FBgn0030668	CG8128	8.02119922637939
FBgn0030692	mRpS30	2.2312068939209
FBgn0052582	lncRNA:CR32582	7.43735599517822
FBgn0003392	shi	34.5800628662109
FBgn0030710	CG8924	2.2312068939209
FBgn0030723	dpr18	28.2619533538818
FBgn0285954	caz	17.6897621154785
FBgn0010412	RpS19a	152.771026611328
FBgn0030766	mthl1	685.966430664062
FBgn0030796	CG4829	106.492233276367
FBgn0030799	CG4872	11.7398777008057
FBgn0030803	CG4880	2.07131457328796
FBgn0030808	RhoGAP15B	47.8001289367676
FBgn0030816	CG16700	49.8787269592285
FBgn0030839	CG5613	1.91142249107361
FBgn0250788	beta-Spec	79.1969146728516
FBgn0261570	CG42684	7967.123046875
FBgn0030891	Ada3	42.4970970153809
FBgn0030955	CG6891	252.167526245117
FBgn0030969	Usp39	7.27746391296387
FBgn0030993	Mec2	587.347534179688
FBgn0285947	RpS10b	276.807678222656
FBgn0031037	CG14207	3102.765625
FBgn0066304	Rpp20	99.381950378418
FBgn0031078	Nup205	73.6298294067383
FBgn0052506	CG32506	17.8496551513672
FBgn0031145	Ntf-2	717.586120605469
FBgn0025814	Mgstl	101.140762329102
FBgn0031161	CG15445	39.6263198852539
FBgn0011710	Sep1	1445.01525878906
FBgn0024182	waw	12.7476720809937
FBgn0031195	CG17600	10.0367889404297
FBgn0039943	CG17168	2.2312068939209
FBgn0261446	CG13377	20.3449211120605
FBgn0023537	CG17896	1343.373046875
FBgn0260400	elav	596.558288574219
FBgn0015288	RpL22	383.077026367188
FBgn0040346	CG3704	42.0174217224121
FBgn0040348	CG3703	109.905693054199
FBgn0052814	CG32814	204.520004272461
FBgn0040397	CG3655	35.059741973877
FBgn0025641	DAAM	4.14262914657593
FBgn0003517	sta	357.826446533203
FBgn0023515	CG14814	4.4624137878418
FBgn0023545	PIG-K	9.66856288909912
FBgn0025631	moody	1299.60400390625
FBgn0004860	ph-d	6669.43115234375
FBgn0004397	Vinc	482.335510253906
FBgn0023526	CG2865	672.632385253906
FBgn0003159	CG2841	7157.0185546875
FBgn0040385	CG12496	5.20614957809448
FBgn0024980	Syx4	55.7801704406738
FBgn0003285	rst	183.145446777344
FBgn0029662	CG12206	17.4741458892822
FBgn0015286	Rala	242.603134155273
FBgn0265575	yin	829.805358886719
FBgn0000635	Fas2	2056.71240234375
FBgn0263237	Cdk7	14.2835855484009
FBgn0263987	spoon	82.7072601318359
FBgn0004687	Mlc-c	53.0135612487793
FBgn0015794	Rab18	36.2831535339355
FBgn0261383	IntS6	492.343139648438
FBgn0013987	MAPk-Ak2	258.790863037109
FBgn0029813	AgmNAT	38.7784194946289
FBgn0029003	mab-21	19278.20703125
FBgn0026060	Mipp2	4.14262914657593
FBgn0086558	Ubi-p5E	1549.22790527344
FBgn0014026	RpL7A	136.311950683594
FBgn0029885	CG3224	21.8808345794678
FBgn0029888	ND-ASHI	29.0056896209717
FBgn0263507	lncRNA:CR43496	688.752380371094
FBgn0052732	Setd3	8.81337642669678
FBgn0029930	CG12541	1104.638671875
FBgn0264270	Sxl	4140.6669921875
FBgn0261592	RpS6	324.678100585938
FBgn0029980	CG10778	180.824645996094
FBgn0030000	CG2260	2.07131457328796
FBgn0265464	Traf6	9.66856288909912
FBgn0014032	Sptr	1.91142249107361
FBgn0030054	Caf1-180	1.75153028964996
FBgn0027330	l(1)G0020	3.71867799758911
FBgn0030066	Uros1	7.8613076210022
FBgn0030073	CG10962	10206.3798828125
FBgn0030090	fend	82.3729095458984
FBgn0261260	mgl	231.572769165039
FBgn0028327	l(1)G0320	346.614685058594
FBgn0040942	CG12643	2427.99096679688
FBgn0011770	Gip	12269.3486328125
FBgn0001206	Hmr	20.8245983123779
FBgn0030218	CG1628	17520.322265625
FBgn0052676	stx	2180.22778320312
FBgn0052672	Atg8a	49.1834335327148
FBgn0025111	Ant2	170.71501159668
FBgn0003321	sbr	2.81505036354065
FBgn0262740	Evi5	160.227676391602
FBgn0030309	CG1572	148.260162353516
FBgn0003277	RpII215	155.649078369141
FBgn0030320	CG2247	49.3990516662598
FBgn0030336	CG1578	29.5338077545166
FBgn0030361	CG1492	7.43735599517822
FBgn0030391	Rab40	8.02119922637939
FBgn0264542	hwt	3750.796875
FBgn0025463	Bap60	20.8245983123779
FBgn0004456	mew	100.132965087891
FBgn0010198	RpS15Aa	173.644058227539
FBgn0030485	CG1998	306.876892089844
FBgn0030502	tth	46.7438926696777
FBgn0030520	Pdcd4	3921.25024414062
FBgn0052626	AMPdeam	55.1406021118164
FBgn0040153	l(1)G0469	554.322692871094
FBgn0030572	mRpS25	8.92482757568359
FBgn0015773	NetA	1161.72705078125
FBgn0015774	NetB	391.398712158203
FBgn0030590	CG9518	2.75932502746582
FBgn0030598	CG9503	135.992172241211
FBgn0027601	pdgy	519.609313964844
FBgn0030600	hiw	201.392456054688
FBgn0030629	CG9123	101.293365478516
FBgn0022710	Ac13E	11.5242605209351
FBgn0003463	sog	6262.244140625
FBgn0045073	Stim	91.6732482910156
FBgn0030719	eIF5	118.559181213379
FBgn0028397	Tob	1450.90942382812
FBgn0259700	CG42354	1424.62194824219
FBgn0030738	CG9915	16.3621845245361
FBgn0030744	CG9992	6.6936206817627
FBgn0030752	CDC50	179.552780151367
FBgn0259923	Sep4	1697.50256347656
FBgn0001250	if	147.356536865234
FBgn0030787	CG9609	3.55878591537476
FBgn0030789	Rrp45	14.6590948104858
FBgn0030797	CG13004	816.808166503906
FBgn0030806	CG13001	8.02119922637939
FBgn0002590	RpS5a	48.0157470703125
FBgn0027602	CG8611	22.1521759033203
FBgn0030890	CG7536	125.635597229004
FBgn0052549	CG32549	245.619232177734
FBgn0010194	Wnt5	516.576477050781
FBgn0030941	wgn	949.214965820312
FBgn0030954	CCKLR-17D3	9.34877872467041
FBgn0030966	shop	1.91142249107361
FBgn0027603	Ulp1	19.7610778808594
FBgn0031008	CG8010	8.76493549346924
FBgn0052536	CG32536	4.4624137878418
FBgn0031011	CG8034	893.417724609375
FBgn0031012	CG8051	80.6916732788086
FBgn0259834	out	14120.81640625
FBgn0031036	CG14220	2.2312068939209
FBgn0042132	CG18809	29.7978668212891
FBgn0000084	AnxB10	262.843902587891
FBgn0031106	Syx16	40.8497352600098
FBgn0031144	CG1529	39.4664306640625
FBgn0031149	Stt3A	6.37383604049683
FBgn0052521	CG32521	40.0670356750488
FBgn0031170	ABCA	58.1567039489746
FBgn0024807	DIP1	1080.46606445312
FBgn0031190	CG12576	63.93212890625
FBgn0263504	lncRNA:CR43493	584.568908691406
FBgn0031194	CG17598	42.3929290771484
